{"cameraMode":{"drawMode":0,"name":"Shaded","section":"Shading Mode"},"sceneLighting":true,"audioPlay":false,"sceneViewState":{"showFog":true,"showMaterialUpdate":false,"showSkybox":true,"showFlares":true,"showImageEffects":true,"showParticleSystems":true},"in2DMode":false,"pivot":{"x":0.7789702415466309,"y":4.382970809936523,"z":-7.302386283874512},"rotation":{"x":-0.12911775708198548,"y":0.45373567938804629,"z":-0.06663063913583756,"w":-0.8792331218719482},"size":5.176419734954834,"orthographic":false}