{"cameraMode":{"drawMode":0,"name":"Shaded","section":"Shading Mode"},"sceneLighting":true,"audioPlay":false,"sceneViewState":{"showFog":true,"showMaterialUpdate":false,"showSkybox":true,"showFlares":true,"showImageEffects":true,"showParticleSystems":true},"in2DMode":false,"pivot":{"x":-1.897904872894287,"y":7.215042591094971,"z":-4.941349983215332},"rotation":{"x":0.2940359115600586,"y":0.5590234994888306,"z":-0.22121746838092805,"w":0.7430481314659119},"size":6.080112457275391,"orthographic":false}