{"cameraMode":{"drawMode":0,"name":"Shaded","section":"Shading Mode"},"sceneLighting":true,"audioPlay":false,"sceneViewState":{"showFog":true,"showMaterialUpdate":false,"showSkybox":true,"showFlares":true,"showImageEffects":true,"showParticleSystems":true},"in2DMode":false,"pivot":{"x":-1.485879898071289,"y":2.2839248180389406,"z":2.410903215408325},"rotation":{"x":-0.13322296738624574,"y":0.7346516847610474,"z":-0.15107131004333497,"w":-0.6478556394577026},"size":18.50507926940918,"orthographic":false}